Sample,Infection_status,Colony,C23_rel_ab
B1_o_1,uninf,B1,15.11120324
B1_o_2,uninf,B1,15.533553
B11_o_1,uninf,B11,13.39290263
B11_o_2,uninf,B11,15.65445163
B11_o_3,uninf,B11,15.18876333
B14_o_1,uninf,B14,14.12626652
B14_o_2,uninf,B14,13.64897924
B14_o_3,uninf,B14,14.94918377
B4_o_1,uninf,B4,13.07508389
B4_o_2,uninf,B4,14.61609112
B4_o_3,uninf,B4,13.42630706
B5_o_1,uninf,B5,12.45605194
B5_o_2,uninf,B5,13.0521863
B5_o_3,uninf,B5,14.11420352
B9_o_1,uninf,B9,12.20649748
B9_o_2,uninf,B9,12.39299661
B9_o_3,uninf,B9,10.91011124
B10_o_1,inf,B10,12.94469393
B10_o_2,inf,B10,13.75882029
B10_o_3,inf,B10,12.74595003
B16_o_1,inf,B16,16.18506374
B16_o_2,inf,B16,15.67434407
B17_o_1,inf,B17,19.54680018
B17_o_2,inf,B17,21.89763389
B17_o_3,inf,B17,18.88897343
B18_o_1,inf,B18,27.53851486
B18_o_2,inf,B18,32.09690404
B20_o_1,inf,B20,17.74371251
B20_o_2,inf,B20,19.795909
B20_o_3,inf,B20,17.70765101
B21_o_1,inf,B21,16.54134109
B21_o_2,inf,B21,17.77876056
B4NF.10_C23,C23_added,B4NF,19.91669496
B4NF.7_C23,C23_added,B4NF,32.91664021
B5NF.1_C23,C23_added,B5NF,17.54021052
B4NF.9_C23,C23_added,B4NF,19.92749289
B5NF.6_C23,C23_added,B5NF,26.13210113
B5NF.8_C23,C23_added,B5NF,18.02430212
