ColCode2,IndCode,ColCode1,CorpseCode,Infection,Test,Dummy,Carrying,Anten,Mand_gap,Biting,Dragging,Autogr,Groom,Total,Adverse
BT4F,BT4F.2,BT2F,BT2F.8,I-I,I-I Extract,Extract,0,1,1,0,0,1,0,2,1
BT4F,BT4F.3,BT2F,BT2F.9,I-I,I-I Extract,Extract,0,6,0,0,0,3,0,6,0
BT1F,BT1F.1,BT2F,BT2F.10,I-I,I-I Extract,Extract,0,1,0,0,0,0,0,1,0
BT1F,BT1F.2,BT2F,BT2F.11,I-I,I-I Extract,Extract,0,1,0,0,0,2,0,1,0
BT1F,BT1F.3,BT2F,BT2F.12,I-I,I-I Extract,Extract,0,3,0,0,0,6,0,3,0
BT1F,BT1F.1,BT4F,BT4F.4,I-I,I-I Extract,Extract,0,8,0,1,0,4,0,9,1
BT1F,BT1F.2,BT4F,BT4F.5,I-I,I-I Extract,Extract,1,6,0,1,1,6,0,9,2
BT1F,BT1F.3,BT4F,BT4F.6,I-I,I-I Extract,Extract,0,6,0,1,0,4,0,7,1
BT4F,BT4F.1,BT2F,BT2F.7,I-I,I-I Extract,Extract,0,3,2,0,0,1,0,5,2
BF6,BF6.1,BF2,BF2.4,I-I,I-I untreated,Untreated,0,3,0,0,0,1,0,3,0
BF2,BF2.7,BF7,BF7.1,I-I,I-I untreated,Untreated,0,3,0,0,0,1,0,3,0
BF6,BF6.7,BF7,BF7.4,I-I,I-I untreated,Untreated,0,6,1,0,0,0,0,7,1
BF2,BF2.8,BF7,BF7.2,I-I,I-I untreated,Untreated,0,1,0,0,0,2,0,1,0
BF2,BF2.9,BF7,BF7.3,I-I,I-I untreated,Untreated,0,1,0,0,0,1,0,1,0
BF2,BF2.4,BF6,BF6.1,I-I,I-I untreated,Untreated,0,2,0,0,0,1,0,2,0
BF2,BF2.6,BF6,BF6.3,I-I,I-I untreated,Untreated,0,3,0,0,0,0,0,3,0
BF7,BF7.4,BF6,BF6.7,I-I,I-I untreated,Untreated,0,5,0,0,0,3,0,5,0
BF6,BF6.2,BF2,BF2.5,I-I,I-I untreated,Untreated,0,4,0,0,0,1,0,4,0
BF7,BF7.1,BF2,BF2.7,I-I,I-I untreated,Untreated,0,2,0,0,0,0,0,2,0
BF7,BF7.3,BF2,BF2.9,I-I,I-I untreated,Untreated,0,5,0,0,0,4,0,5,0
BF6,BF6.8,BF7,BF7.5,I-I,I-I untreated,Untreated,0,5,0,0,0,6,0,5,0
BF6,BF6.9,BF7,BF7.6,I-I,I-I untreated,Untreated,0,3,0,1,0,0,0,4,1
BF2,BF2.5,BF6,BF6.2,I-I,I-I untreated,Untreated,0,1,0,0,0,0,0,1,0
BF7,BF7.5,BF6,BF6.8,I-I,I-I untreated,Untreated,0,5,0,0,0,2,0,5,0
BF6,BF6.3,BF2,BF2.6,I-I,I-I untreated,Untreated,0,4,0,0,0,1,0,4,0
BF7,BF7.6,BF6,BF6.9,I-I,I-I untreated,Untreated,0,5,0,0,0,0,0,5,0
BF7,BF7.2,BF2,BF2.8,I-I,I-I untreated,Untreated,0,2,0,0,0,0,0,2,0
BF7,BF7.1,B5NF,B5NF.10,I-U,Corpse+C23,Corpse+C23,2,4,0,0,0,2,0,6,0
BF6,BF6.3,B4NF,B4NF.12,I-U,Corpse+C23,Corpse+C23,0,12,0,0,0,3,0,12,0
BF6,BF6.1,B4NF,B4NF.10,I-U,Corpse+C23,Corpse+C23,0,4,0,1,0,2,0,5,1
BF2,BF2.2,B5NF,B5NF.11,I-U,Corpse+C23,Corpse+C23,0,6,0,0,0,1,0,6,0
BF6,BF6.2,B4NF,B4NF.11,I-U,Corpse+C23,Corpse+C23,0,3,0,0,0,2,0,3,0
BF7,BF7.3,B5NF,B5NF.12,I-U,Corpse+C23,Corpse+C23,0,7,0,1,0,0,0,8,1
BT2F,BT2F.1,BT7NF,BT7NF.4,I-U,I-U Extract,Extract,0,4,0,0,0,2,0,4,0
BT2F,BT2F.2,BT7NF,BT7NF.5,I-U,I-U Extract,Extract,0,1,0,0,0,0,0,1,0
BT2F,BT2F.3,BT7NF,BT7NF.6,I-U,I-U Extract,Extract,0,4,0,0,0,1,0,4,0
BT4F,BT4F.1,BT10NF,BT10NF.4,I-U,I-U Extract,Extract,0,1,4,3,0,0,0,8,7
BT4F,BT4F.2,BT10NF,BT10NF.5,I-U,I-U Extract,Extract,0,5,0,0,0,2,0,5,0
BT4F,BT4F.3,BT10NF,BT10NF.6,I-U,I-U Extract,Extract,0,1,0,0,0,2,0,1,0
BT1F,BT1F.1,BT3NF,BT3NF.4,I-U,I-U Extract,Extract,0,2,2,2,0,2,0,6,4
BT1F,BT1F.2,BT3NF,BT3NF.5,I-U,I-U Extract,Extract,0,1,0,0,0,1,0,1,0
BT1F,BT1F.3,BT3NF,BT3NF.6,I-U,I-U Extract,Extract,0,3,3,0,0,2,0,6,3
BF7,BF7.2,B5NF,B5NF.11,I-U,I-U Extract+C23,Extract+C23,1,2,0,0,0,1,0,3,0
BF6,BF6.3,B4NF,B4NF.12,I-U,I-U Extract+C23,Extract+C23,0,7,0,0,0,9,0,7,0
BF6,BF6.1,B4NF,B4NF.10,I-U,I-U Extract+C23,Extract+C23,1,5,2,1,0,13,0,9,3
BF6,BF6.2,B4NF,B4NF.11,I-U,I-U Extract+C23,Extract+C23,0,3,0,0,0,1,0,3,0
BF7,BF7.1,B5NF,B5NF.10,I-U,I-U Extract+C23,Extract+C23,0,4,0,0,0,1,0,4,0
BF7,BF7.3,B5NF,B5NF.12,I-U,I-U Extract+C23,Extract+C23,0,7,0,0,0,4,0,7,0
BF6,BF6.11,B4NF,B4NF.11,I-U,I-U untreated,Untreated,0,1,0,0,0,0,0,1,0
BF7,BF7.10,B5NF,B5NF.10,I-U,I-U untreated,Untreated,2,0,1,2,0,2,0,5,3
BF7,BF7.11,B5NF,B5NF.11,I-U,I-U untreated,Untreated,0,5,2,1,0,0,0,8,3
BF7,BF7.12,B5NF,B5NF.12,I-U,I-U untreated,Untreated,2,2,0,1,0,2,0,5,1
BF6,BF6.10,B4NF,B4NF.10,I-U,I-U untreated,Untreated,0,3,0,0,0,3,0,3,0
BF6,BF6.12,B4NF,B4NF.12,I-U,I-U untreated,Untreated,0,1,0,0,0,1,0,1,0
BF2,BF2.10,B3NF,B3NF.10,I-U,I-U untreated,Untreated,0,4,0,0,0,1,0,4,0
BF2,BF2.12,B3NF,B3NF.12,I-U,I-U untreated,Untreated,0,2,0,0,0,2,0,2,0
BF2,BF2.11,B3NF,B3NF.11,I-U,I-U untreated,Untreated,0,3,0,0,0,0,0,3,0
BT7NF,BT7NF.1,BT2F,BT2F.4,U-I,U-I Extract,Extract,0,6,0,0,0,0,0,6,0
BT7NF,BT7NF.2,BT2F,BT2F.5,U-I,U-I Extract,Extract,0,3,1,0,0,2,0,4,1
BT7NF,BT7NF.3,BT2F,BT2F.6,U-I,U-I Extract,Extract,0,3,0,0,0,2,0,3,0
BT10NF,BT10NF.1,BT4F,BT4F.7,U-I,U-I Extract,Extract,0,1,0,0,0,6,0,1,0
BT10NF,BT10NF.2,BT4F,BT4F.8,U-I,U-I Extract,Extract,0,6,1,2,0,4,0,9,3
BT10NF,BT10NF.3,BT4F,BT4F.9,U-I,U-I Extract,Extract,0,6,0,0,0,5,0,6,0
BT3NF,BT3NF.1,BT1F,BT1F.4,U-I,U-I Extract,Extract,0,1,0,3,0,1,0,4,3
BT3NF,BT3NF.2,BT1F,BT1F.5,U-I,U-I Extract,Extract,0,1,0,0,0,2,0,1,0
BT3NF,BT3NF.3,BT1F,BT1F.6,U-I,U-I Extract,Extract,0,1,0,0,0,1,0,1,0
B3NF,B3NF.2,BF2,BF2.11,U-I,U-I untreated,Untreated,0,1,3,1,0,2,0,5,4
B5NF,B5NF.1,BF7,BF7.10,U-I,U-I untreated,Untreated,0,4,0,0,0,2,0,4,0
B5NF,B5NF.3,BF7,BF7.12,U-I,U-I untreated,Untreated,2,1,1,2,0,2,0,6,3
B4NF,B4NF.1,BF6,BF6.10,U-I,U-I untreated,Untreated,0,1,0,0,0,6,0,1,0
B3NF,B3NF.1,BF2,BF2.10,U-I,U-I untreated,Untreated,0,3,0,0,0,2,0,3,0
B4NF,B4NF.2,BF6,BF6.11,U-I,U-I untreated,Untreated,0,2,0,0,0,1,0,2,0
B4NF,B4NF.3,BF6,BF6.12,U-I,U-I untreated,Untreated,0,1,1,1,0,1,0,3,2
B3NF,B3NF.3,BF2,BF2.12,U-I,U-I untreated,Untreated,0,1,0,0,0,1,0,1,0
B5NF,B5NF.2,BF7,BF7.11,U-I,U-I untreated,Untreated,0,7,0,0,0,2,0,7,0
B5NF,B5NF.9,B4NF,B4NF.9,U-U,Corpse+C23,Corpse+C23,0,6,0,0,0,1,0,6,0
B5NF,B5NF.7,B4NF,B4NF.7,U-U,Corpse+C23,Corpse+C23,0,3,0,0,0,0,0,3,0
B4NF,B4NF.3,B5NF,B5NF.9,U-U,Corpse+C23,Corpse+C23,1,4,0,0,0,2,1,6,0
B4NF,B4NF.1,B5NF,B5NF.7,U-U,Corpse+C23,Corpse+C23,0,6,1,0,0,2,0,7,1
B4NF,B4NF.2,B5NF,B5NF.8,U-U,Corpse+C23,Corpse+C23,0,9,0,0,0,1,0,9,0
B5NF,B5NF.8,B4NF,B4NF.8,U-U,Corpse+C23,Corpse+C23,0,2,0,0,0,1,0,2,0
B3NF,B3NF.1,B5NF,B5NF.4,U-U,Corpse+C23,Corpse+C23,1,2,0,0,0,3,0,3,0
B3NF,B3NF.7,B4NF,B4NF.4,U-U,Corpse+C23,Corpse+C23,0,1,0,0,0,1,0,1,0
B3NF,B3NF.8,B4NF,B4NF.5,U-U,Corpse+C23,Corpse+C23,0,5,0,0,0,0,0,5,0
B3NF,B3NF.2,B5NF,B5NF.5,U-U,Corpse+C23,Corpse+C23,0,3,0,0,0,0,0,3,0
B3NF,B3NF.9,B4NF,B4NF.6,U-U,Corpse+C23,Corpse+C23,1,6,0,0,0,1,0,7,0
B3NF,B3NF.3,B5NF,B5NF.6,U-U,Corpse+C23,Corpse+C23,0,5,0,0,0,2,0,5,0
BT10NF,BT10NF.1,BT7NF,BT7NF.7,U-U,U-U Extract,Extract,0,1,1,3,0,3,0,5,4
BT10NF,BT10NF.2,BT7NF,BT7NF.8,U-U,U-U Extract,Extract,0,1,3,1,0,0,0,5,4
BT10NF,BT10NF.3,BT7NF,BT7NF.9,U-U,U-U Extract,Extract,0,1,2,1,1,4,0,5,4
BT3NF,BT3NF.1,BT7NF,BT7NF.10,U-U,U-U Extract,Extract,0,1,1,0,0,0,0,2,1
BT3NF,BT3NF.2,BT7NF,BT7NF.11,U-U,U-U Extract,Extract,0,2,1,0,0,3,0,3,1
BT3NF,BT3NF.3,BT7NF,BT7NF.12,U-U,U-U Extract,Extract,0,3,1,2,0,1,0,6,3
BT3NF,BT3NF.1,BT10NF,BT10NF.7,U-U,U-U Extract,Extract,0,2,1,3,0,1,0,6,4
BT3NF,BT3NF.2,BT10NF,BT10NF.8,U-U,U-U Extract,Extract,0,0,1,1,0,0,0,2,2
BT3NF,BT3NF.3,BT10NF,BT10NF.9,U-U,U-U Extract,Extract,0,1,0,2,0,1,0,3,2
B3NF,B3NF.2,B5NF,B5NF.5,U-U,U-U Extract+C23,Extract+C23,0,7,2,0,0,1,0,9,2
B4NF,B4NF.3,B5NF,B5NF.9,U-U,U-U Extract+C23,Extract+C23,2,1,0,2,0,1,0,5,2
B3NF,B3NF.1,B5NF,B5NF.4,U-U,U-U Extract+C23,Extract+C23,2,5,0,2,0,1,0,9,2
B3NF,B3NF.3,B5NF,B5NF.6,U-U,U-U Extract+C23,Extract+C23,2,1,0,1,0,0,0,4,1
B4NF,B4NF.2,B5NF,B5NF.8,U-U,U-U Extract+C23,Extract+C23,0,4,0,0,0,1,0,4,0
B5NF,B5NF.9,B4NF,B4NF.9,U-U,U-U Extract+C23,Extract+C23,0,3,0,0,0,0,0,3,0
B5NF,B5NF.7,B4NF,B4NF.7,U-U,U-U Extract+C23,Extract+C23,5,3,0,0,1,1,0,9,1
B3NF,B3NF.8,B4NF,B4NF.5,U-U,U-U Extract+C23,Extract+C23,1,5,0,0,0,2,0,6,0
B3NF,B3NF.9,B4NF,B4NF.6,U-U,U-U Extract+C23,Extract+C23,0,6,0,0,0,0,0,6,0
B3NF,B3NF.7,B4NF,B4NF.4,U-U,U-U Extract+C23,Extract+C23,0,2,0,0,0,0,0,2,0
B5NF,B5NF.8,B4NF,B4NF.8,U-U,U-U Extract+C23,Extract+C23,0,5,0,0,0,0,0,5,0
B4NF,B4NF.1,B5NF,B5NF.7,U-U,U-U Extract+C23,Extract+C23,6,1,0,0,0,3,0,7,0
B3NF,B3NF.7,B4NF,B4NF.1,U-U,U-U untreated,Untreated,0,2,2,7,0,1,0,11,9
B3NF,B3NF.8,B4NF,B4NF.2,U-U,U-U untreated,Untreated,0,5,1,0,0,0,0,6,1
B3NF,B3NF.9,B4NF,B4NF.3,U-U,U-U untreated,Untreated,0,1,1,2,0,1,0,4,3
B4NF,B4NF.4,B3NF,B3NF.4,U-U,U-U untreated,Untreated,0,1,3,1,0,3,0,5,4
B3NF,B3NF.10,B5NF,B5NF.1,U-U,U-U untreated,Untreated,0,3,0,5,0,1,0,8,5
B3NF,B3NF.12,B5NF,B5NF.3,U-U,U-U untreated,Untreated,0,3,2,0,0,5,0,5,2
B4NF,B4NF.11,B5NF,B5NF.5,U-U,U-U untreated,Untreated,0,3,0,1,0,5,0,4,1
B3NF,B3NF.11,B5NF,B5NF.2,U-U,U-U untreated,Untreated,0,2,1,1,0,2,0,4,2
B4NF,B4NF.10,B5NF,B5NF.4,U-U,U-U untreated,Untreated,0,1,0,0,0,1,0,1,0
B4NF,B4NF.12,B5NF,B5NF.6,U-U,U-U untreated,Untreated,0,0,0,0,0,1,0,0,0
B5NF,B5NF.4,B3NF,B3NF.7,U-U,U-U untreated,Untreated,2,1,0,4,0,1,0,7,4
B5NF,B5NF.9,B4NF,B4NF.9,U-U,U-U untreated,Untreated,0,3,0,0,0,0,0,3,0
B5NF,B5NF.7,B4NF,B4NF.7,U-U,U-U untreated,Untreated,0,2,2,0,0,1,0,4,2
B5NF,B5NF.8,B4NF,B4NF.8,U-U,U-U untreated,Untreated,0,1,0,0,0,5,0,1,0
B4NF,B4NF.5,B3NF,B3NF.5,U-U,U-U untreated,Untreated,0,3,2,0,0,0,0,5,2
B5NF,B5NF.5,B3NF,B3NF.8,U-U,U-U untreated,Untreated,1,0,3,3,0,0,0,7,6
B5NF,B5NF.6,B3NF,B3NF.9,U-U,U-U untreated,Untreated,1,0,0,2,0,2,0,3,2
B4NF,B4NF.6,B3NF,B3NF.7,U-U,U-U untreated,Untreated,0,7,0,0,0,0,0,7,0
BT6F,BT6F.1,BT3NF,BT3NF.4,I-U,I-U washed,Washed,0,1,0,0,0,0,0,1,0
BT6F,BT6F.2,BT3NF,BT3NF.5,I-U,I-U washed,Washed,0,2,0,0,0,1,0,3,0
BT6F,BT6F.3,BT3NF,BT3NF.6,I-U,I-U washed,Washed,2,1,0,0,0,0,0,3,0
BT4F,BT4F.1,BT10NF,BT10NF.4,I-U,I-U washed,Washed,0,2,0,0,0,1,0,3,0
BT4F,BT4F.2,BT10NF,BT10NF.5,I-U,I-U washed,Washed,0,4,0,0,0,0,0,4,0
BT4F,BT4F.3,BT10NF,BT10NF.6,I-U,I-U washed,Washed,0,4,0,0,0,1,0,5,0
BT2F,BT2F.1,BT7NF,BT7NF.10,I-U,I-U washed,Washed,0,2,0,0,0,0,0,2,0
BT2F,BT2F.2,BT7NF,BT7NF.11,I-U,I-U washed,Washed,0,3,0,0,0,0,0,3,0
BT2F,BT2F.3,BT7NF,BT7NF.12,I-U,I-U washed,Washed,0,1,0,0,0,0,0,1,0
BT3NF,BT3NF.1,BT10NF,BT10NF.7,U-U,U-U washed,Washed,0,3,0,0,0,0,0,3,0
BT3NF,BT3NF.2,BT10NF,BT10NF.8,U-U,U-U washed,Washed,1,5,0,0,0,1,0,7,0
BT3NF,BT3NF.3,BT10NF,BT10NF.9,U-U,U-U washed,Washed,1,2,0,0,0,1,0,4,0
BT10NF,BT10NF.1,BT7NF,BT7NF.4,U-U,U-U washed,Washed,0,2,0,0,0,1,0,3,0
BT10NF,BT10NF.2,BT7NF,BT7NF.5,U-U,U-U washed,Washed,1,4,0,0,0,2,0,7,0
BT10NF,BT10NF.3,BT7NF,BT7NF.6,U-U,U-U washed,Washed,0,7,0,0,0,1,0,8,0
BT3NF,BT3NF.1,BT7NF,BT7NF.7,U-U,U-U washed,Washed,0,1,0,0,0,0,0,1,0
BT3NF,BT3NF.2,BT7NF,BT7NF.8,U-U,U-U washed,Washed,0,1,0,0,0,1,0,2,0
BT3NF,BT3NF.3,BT7NF,BT7NF.9,U-U,U-U washed,Washed,0,4,0,0,0,0,1,5,0
BT3NF,BT3NF.1,BT6F,BT6F.4,U-I,U-I washed,Washed,0,2,0,0,0,1,0,3,0
BT3NF,BT3NF.2,BT6F,BT6F.5,U-I,U-I washed,Washed,0,2,0,0,0,1,0,3,0
BT3NF,BT3NF.3,BT6F,BT6F.6,U-I,U-I washed,Washed,0,7,0,0,0,1,0,8,0
BT10NF,BT10NF.1,BT4F,BT4F.4,U-I,U-I washed,Washed,2,3,0,0,0,0,0,5,0
BT10NF,BT10NF.2,BT4F,BT4F.5,U-I,U-I washed,Washed,0,1,0,0,0,0,0,1,0
BT10NF,BT10NF.3,BT4F,BT4F.6,U-I,U-I washed,Washed,0,5,0,0,0,0,0,5,0
BT7NF,BT7NF.1,BT2F,BT2F.4,U-I,U-I washed,Washed,0,2,0,0,0,0,0,2,0
BT7NF,BT7NF.2,BT2F,BT2F.5,U-I,U-I washed,Washed,1,6,0,0,0,1,0,8,0
BT7NF,BT7NF.3,BT2F,BT2F.6,U-I,U-I washed,Washed,0,2,0,0,0,0,0,2,0
BT6F,BT6F.1,BT4F,BT4F.7,I-I,I-I washed,Washed,0,4,0,0,0,1,0,5,0
BT6F,BT6F.2,BT4F,BT4F.8,I-I,I-I washed,Washed,0,1,0,0,0,0,0,1,0
BT6F,BT6F.3,BT4F,BT4F.9,I-I,I-I washed,Washed,0,1,0,0,0,0,0,1,0
BT6F,BT6F.1,BT2F,BT2F.10,I-I,I-I washed,Washed,0,2,0,0,0,0,0,2,0
BT6F,BT6F.2,BT2F,BT2F.11,I-I,I-I washed,Washed,0,4,0,0,0,0,0,4,0
BT6F,BT6F.3,BT2F,BT2F.12,I-I,I-I washed,Washed,0,1,0,0,0,0,0,1,0
BT4F,BT4F.1,BT2F,BT2F.7,I-I,I-I washed,Washed,0,3,0,0,0,1,0,4,0
BT4F,BT4F.2,BT2F,BT2F.8,I-I,I-I washed,Washed,0,4,0,0,0,0,0,4,0
BT4F,BT4F.3,BT2F,BT2F.9,I-I,I-I washed,Washed,0,1,0,0,0,0,0,1,0
